district,year,crop,sow_week,pre_sowing_deficit_pct,district_avg_deficit_pct,crop_failed
Lucknow,2005,Wheat,25,2.1,0.0,0
Lucknow,2005,Maize,24,-4.9,0.0,0
Lucknow,2005,Soybean,26,8.0,0.0,0
Lucknow,2005,Cotton,27,0.7,0.0,0
Lucknow,2006,Wheat,27,55.2,-10.0,1
Lucknow,2006,Maize,28,54.0,-10.0,1
Lucknow,2006,Soybean,28,54.0,-10.0,1
Lucknow,2006,Cotton,27,55.2,-10.0,1
Lucknow,2007,Wheat,28,17.7,23.2,0
Lucknow,2007,Maize,25,11.2,23.2,0
Lucknow,2007,Soybean,25,11.2,23.2,1
Lucknow,2007,Cotton,26,16.3,23.2,1
Lucknow,2008,Wheat,27,-16.1,20.8,0
Lucknow,2008,Maize,27,-16.1,20.8,0
Lucknow,2008,Soybean,26,-4.8,20.8,0
Lucknow,2008,Cotton,26,-4.8,20.8,0
Lucknow,2009,Wheat,23,37.2,10.7,0
Lucknow,2009,Maize,25,23.9,10.7,0
Lucknow,2009,Soybean,27,3.0,10.7,0
Lucknow,2009,Cotton,24,27.5,10.7,0
Lucknow,2010,Wheat,26,3.0,10.0,0
Lucknow,2010,Maize,28,11.0,10.0,0
Lucknow,2010,Soybean,23,3.6,10.0,0
Lucknow,2010,Cotton,23,3.6,10.0,0
Lucknow,2011,Wheat,25,22.7,8.3,0
Lucknow,2011,Maize,29,0.6,8.3,0
Lucknow,2011,Soybean,27,-2.9,8.3,1
Lucknow,2011,Cotton,28,2.1,8.3,0
Lucknow,2012,Wheat,22,0.0,7.9,1
Lucknow,2012,Maize,26,11.1,7.9,0
Lucknow,2012,Soybean,23,11.9,7.9,0
Lucknow,2012,Cotton,25,19.8,7.9,1
Lucknow,2013,Wheat,22,0.0,6.9,0
Lucknow,2013,Maize,29,7.5,6.9,0
Lucknow,2013,Soybean,25,-10.8,6.9,0
Lucknow,2013,Cotton,28,2.7,6.9,0
Lucknow,2014,Wheat,29,30.9,5.8,0
Lucknow,2014,Maize,24,29.2,5.8,1
Lucknow,2014,Soybean,29,30.9,5.8,1
Lucknow,2014,Cotton,24,29.2,5.8,0
Lucknow,2015,Wheat,25,59.4,7.9,1
Lucknow,2015,Maize,24,51.2,7.9,1
Lucknow,2015,Soybean,23,46.4,7.9,1
Lucknow,2015,Cotton,23,46.4,7.9,1
Lucknow,2016,Wheat,27,17.2,12.6,0
Lucknow,2016,Maize,25,29.4,12.6,0
Lucknow,2016,Soybean,26,17.5,12.6,0
Lucknow,2016,Cotton,23,24.3,12.6,0
Lucknow,2017,Wheat,26,-19.7,12.8,0
Lucknow,2017,Maize,27,-35.0,12.8,0
Lucknow,2017,Soybean,26,-19.7,12.8,0
Lucknow,2017,Cotton,26,-19.7,12.8,0
Lucknow,2018,Wheat,25,-1.9,9.4,0
Lucknow,2018,Maize,24,-1.0,9.4,0
Lucknow,2018,Soybean,23,11.7,9.4,0
Lucknow,2018,Cotton,22,0.0,9.4,0
Lucknow,2019,Wheat,29,3.5,8.7,1
Lucknow,2019,Maize,23,33.3,8.7,1
Lucknow,2019,Soybean,29,3.5,8.7,0
Lucknow,2019,Cotton,29,3.5,8.7,1
Lucknow,2020,Wheat,25,-31.3,9.0,0
Lucknow,2020,Maize,24,-22.7,9.0,0
Lucknow,2020,Soybean,29,-4.9,9.0,0
Lucknow,2020,Cotton,23,-18.9,9.0,0
Lucknow,2021,Wheat,27,-32.1,8.0,0
Lucknow,2021,Maize,28,-20.1,8.0,0
Lucknow,2021,Soybean,25,-27.7,8.0,0
Lucknow,2021,Cotton,28,-20.1,8.0,0
Lucknow,2022,Wheat,23,16.0,7.2,0
Lucknow,2022,Maize,26,9.7,7.2,0
Lucknow,2022,Soybean,27,17.0,7.2,0
Lucknow,2022,Cotton,23,16.0,7.2,0
Lucknow,2023,Wheat,29,-5.0,7.5,0
Lucknow,2023,Maize,26,-20.3,7.5,0
Lucknow,2023,Soybean,27,-27.6,7.5,0
Lucknow,2023,Cotton,26,-20.3,7.5,0
Lucknow,2024,Wheat,22,0.0,7.4,0
Lucknow,2024,Maize,26,-26.5,7.4,0
Lucknow,2024,Soybean,23,-45.1,7.4,0
Lucknow,2024,Cotton,28,-11.6,7.4,1
Kanpur,2005,Wheat,24,-32.2,0.0,0
Kanpur,2005,Maize,26,-11.6,0.0,0
Kanpur,2005,Soybean,29,-5.0,0.0,0
Kanpur,2005,Cotton,28,-6.7,0.0,0
Kanpur,2006,Wheat,27,45.3,-27.2,1
Kanpur,2006,Maize,22,0.0,-27.2,1
Kanpur,2006,Soybean,27,45.3,-27.2,1
Kanpur,2006,Cotton,27,45.3,-27.2,1
Kanpur,2007,Wheat,25,-31.4,11.9,0
Kanpur,2007,Maize,27,-19.0,11.9,0
Kanpur,2007,Soybean,23,-23.3,11.9,0
Kanpur,2007,Cotton,24,-28.6,11.9,0
Kanpur,2008,Wheat,29,-10.3,9.0,0
Kanpur,2008,Maize,27,-3.8,9.0,0
Kanpur,2008,Soybean,22,0.0,9.0,0
Kanpur,2008,Cotton,24,-23.5,9.0,0
Kanpur,2009,Wheat,24,-33.2,2.6,0
Kanpur,2009,Maize,27,-15.4,2.6,0
Kanpur,2009,Soybean,29,-24.4,2.6,0
Kanpur,2009,Cotton,25,-11.9,2.6,0
Kanpur,2010,Wheat,22,0.0,-1.0,0
Kanpur,2010,Maize,28,-54.6,-1.0,0
Kanpur,2010,Soybean,27,-41.8,-1.0,0
Kanpur,2010,Cotton,26,-35.1,-1.0,0
Kanpur,2011,Wheat,22,0.0,-5.6,0
Kanpur,2011,Maize,22,0.0,-5.6,0
Kanpur,2011,Soybean,28,-12.8,-5.6,0
Kanpur,2011,Cotton,28,-12.8,-5.6,0
Kanpur,2012,Wheat,29,-24.6,-9.7,0
Kanpur,2012,Maize,27,-6.2,-9.7,0
Kanpur,2012,Soybean,24,-12.4,-9.7,0
Kanpur,2012,Cotton,24,-12.4,-9.7,0
Kanpur,2013,Wheat,23,68.7,-10.4,1
Kanpur,2013,Maize,22,0.0,-10.4,1
Kanpur,2013,Soybean,26,66.1,-10.4,1
Kanpur,2013,Cotton,29,63.0,-10.4,1
Kanpur,2014,Wheat,24,8.7,-2.3,1
Kanpur,2014,Maize,25,18.1,-2.3,1
Kanpur,2014,Soybean,24,8.7,-2.3,1
Kanpur,2014,Cotton,25,18.1,-2.3,0
Kanpur,2015,Wheat,22,0.0,-0.3,1
Kanpur,2015,Maize,24,68.2,-0.3,1
Kanpur,2015,Soybean,27,65.4,-0.3,1
Kanpur,2015,Cotton,24,68.2,-0.3,1
Kanpur,2016,Wheat,25,-2.7,5.5,0
Kanpur,2016,Maize,25,-2.7,5.5,0
Kanpur,2016,Soybean,26,-8.5,5.5,0
Kanpur,2016,Cotton,24,-3.6,5.5,0
Kanpur,2017,Wheat,25,52.1,5.3,1
Kanpur,2017,Maize,23,67.6,5.3,1
Kanpur,2017,Soybean,23,67.6,5.3,1
Kanpur,2017,Cotton,26,50.7,5.3,1
Kanpur,2018,Wheat,25,32.5,9.0,0
Kanpur,2018,Maize,29,30.1,9.0,1
Kanpur,2018,Soybean,25,32.5,9.0,0
Kanpur,2018,Cotton,28,28.7,9.0,0
Kanpur,2019,Wheat,23,21.5,9.3,1
Kanpur,2019,Maize,24,30.4,9.3,1
Kanpur,2019,Soybean,24,30.4,9.3,1
Kanpur,2019,Cotton,27,39.5,9.3,1
Kanpur,2020,Wheat,27,7.1,11.7,0
Kanpur,2020,Maize,25,16.0,11.7,0
Kanpur,2020,Soybean,29,4.5,11.7,0
Kanpur,2020,Cotton,25,16.0,11.7,0
Kanpur,2021,Wheat,29,47.5,11.4,1
Kanpur,2021,Maize,28,47.7,11.4,1
Kanpur,2021,Soybean,22,0.0,11.4,0
Kanpur,2021,Cotton,27,39.5,11.4,1
Kanpur,2022,Wheat,24,-11.1,13.1,0
Kanpur,2022,Maize,26,-6.5,13.1,0
Kanpur,2022,Soybean,29,-8.9,13.1,0
Kanpur,2022,Cotton,26,-6.5,13.1,0
Kanpur,2023,Wheat,27,-30.0,11.8,0
Kanpur,2023,Maize,25,-13.6,11.8,0
Kanpur,2023,Soybean,24,1.0,11.8,0
Kanpur,2023,Cotton,28,-35.9,11.8,0
Kanpur,2024,Wheat,24,-1.2,10.2,0
Kanpur,2024,Maize,22,0.0,10.2,0
Kanpur,2024,Soybean,28,-5.2,10.2,0
Kanpur,2024,Cotton,24,-1.2,10.2,0
Indore,2005,Wheat,23,-20.4,0.0,0
Indore,2005,Maize,26,-22.2,0.0,0
Indore,2005,Soybean,25,-31.0,0.0,1
Indore,2005,Cotton,24,-28.6,0.0,0
Indore,2006,Wheat,22,0.0,-5.5,0
Indore,2006,Maize,27,-4.5,-5.5,0
Indore,2006,Soybean,26,-14.2,-5.5,0
Indore,2006,Cotton,27,-4.5,-5.5,0
Indore,2007,Wheat,24,30.3,-3.9,1
Indore,2007,Maize,24,30.3,-3.9,0
Indore,2007,Soybean,29,14.1,-3.9,0
Indore,2007,Cotton,23,18.6,-3.9,1
Indore,2008,Wheat,28,-7.4,3.2,0
Indore,2008,Maize,28,-7.4,3.2,0
Indore,2008,Soybean,23,-4.8,3.2,1
Indore,2008,Cotton,23,-4.8,3.2,0
Indore,2009,Wheat,28,45.6,4.4,0
Indore,2009,Maize,23,53.2,4.4,1
Indore,2009,Soybean,25,44.2,4.4,1
Indore,2009,Cotton,25,44.2,4.4,1
Indore,2010,Wheat,23,-32.8,12.1,1
Indore,2010,Maize,25,-15.6,12.1,0
Indore,2010,Soybean,23,-32.8,12.1,0
Indore,2010,Cotton,28,7.4,12.1,0
Indore,2011,Wheat,22,0.0,9.3,1
Indore,2011,Maize,29,1.4,9.3,0
Indore,2011,Soybean,24,27.3,9.3,0
Indore,2011,Cotton,25,16.4,9.3,1
Indore,2012,Wheat,24,40.4,8.5,0
Indore,2012,Maize,22,0.0,8.5,1
Indore,2012,Soybean,25,20.0,8.5,0
Indore,2012,Cotton,24,40.4,8.5,0
Indore,2013,Wheat,24,2.5,9.1,0
Indore,2013,Maize,26,6.7,9.1,0
Indore,2013,Soybean,29,-6.8,9.1,0
Indore,2013,Cotton,29,-6.8,9.1,0
Indore,2014,Wheat,25,37.6,9.1,1
Indore,2014,Maize,27,37.2,9.1,0
Indore,2014,Soybean,25,37.6,9.1,0
Indore,2014,Cotton,25,37.6,9.1,0
Indore,2015,Wheat,26,-30.8,12.0,0
Indore,2015,Maize,26,-30.8,12.0,0
Indore,2015,Soybean,23,-35.5,12.0,0
Indore,2015,Cotton,23,-35.5,12.0,0
Indore,2016,Wheat,27,-48.8,8.4,0
Indore,2016,Maize,29,-21.6,8.4,0
Indore,2016,Soybean,26,-39.8,8.4,0
Indore,2016,Cotton,27,-48.8,8.4,0
Indore,2017,Wheat,22,0.0,5.9,0
Indore,2017,Maize,23,-35.8,5.9,0
Indore,2017,Soybean,27,-3.2,5.9,0
Indore,2017,Cotton,28,-19.5,5.9,0
Indore,2018,Wheat,26,10.6,2.6,1
Indore,2018,Maize,26,10.6,2.6,0
Indore,2018,Soybean,27,19.2,2.6,0
Indore,2018,Cotton,23,-20.2,2.6,0
Indore,2019,Wheat,26,-33.6,2.9,0
Indore,2019,Maize,23,-23.8,2.9,0
Indore,2019,Soybean,24,-31.4,2.9,0
Indore,2019,Cotton,27,-27.2,2.9,0
Indore,2020,Wheat,22,0.0,0.9,0
Indore,2020,Maize,28,-40.6,0.9,0
Indore,2020,Soybean,25,-24.4,0.9,0
Indore,2020,Cotton,25,-24.4,0.9,0
Indore,2021,Wheat,26,0.4,-1.1,0
Indore,2021,Maize,23,-17.4,-1.1,0
Indore,2021,Soybean,27,6.8,-1.1,0
Indore,2021,Cotton,28,-7.6,-1.1,0
Indore,2022,Wheat,28,-13.6,-1.5,0
Indore,2022,Maize,28,-13.6,-1.5,0
Indore,2022,Soybean,25,-14.0,-1.5,0
Indore,2022,Cotton,24,-18.6,-1.5,0
Indore,2023,Wheat,22,0.0,-1.7,1
Indore,2023,Maize,27,18.9,-1.7,0
Indore,2023,Soybean,28,22.1,-1.7,0
Indore,2023,Cotton,26,9.7,-1.7,0
Indore,2024,Wheat,23,-14.8,-1.2,0
Indore,2024,Maize,23,-14.8,-1.2,1
Indore,2024,Soybean,26,15.5,-1.2,1
Indore,2024,Cotton,24,-6.3,-1.2,1
Bhopal,2005,Wheat,25,-15.0,0.0,0
Bhopal,2005,Maize,24,-24.5,0.0,0
Bhopal,2005,Soybean,28,-22.0,0.0,0
Bhopal,2005,Cotton,26,-28.2,0.0,0
Bhopal,2006,Wheat,29,-6.0,-19.9,0
Bhopal,2006,Maize,23,-2.8,-19.9,0
Bhopal,2006,Soybean,25,-17.0,-19.9,1
Bhopal,2006,Cotton,24,2.8,-19.9,0
Bhopal,2007,Wheat,28,-29.2,-18.8,0
Bhopal,2007,Maize,24,26.1,-18.8,0
Bhopal,2007,Soybean,25,0.5,-18.8,0
Bhopal,2007,Cotton,26,-5.2,-18.8,0
Bhopal,2008,Wheat,28,59.0,-13.8,1
Bhopal,2008,Maize,23,65.7,-13.8,1
Bhopal,2008,Soybean,29,57.7,-13.8,1
Bhopal,2008,Cotton,25,62.7,-13.8,1
Bhopal,2009,Wheat,24,17.7,5.5,0
Bhopal,2009,Maize,29,11.4,5.5,0
Bhopal,2009,Soybean,22,0.0,5.5,0
Bhopal,2009,Cotton,22,0.0,5.5,1
Bhopal,2010,Wheat,23,-44.7,5.5,0
Bhopal,2010,Maize,27,-23.9,5.5,0
Bhopal,2010,Soybean,22,0.0,5.5,0
Bhopal,2010,Cotton,27,-23.9,5.5,0
Bhopal,2011,Wheat,24,4.0,0.6,1
Bhopal,2011,Maize,27,-6.3,0.6,0
Bhopal,2011,Soybean,27,-6.3,0.6,0
Bhopal,2011,Cotton,24,4.0,0.6,1
Bhopal,2012,Wheat,22,0.0,0.7,0
Bhopal,2012,Maize,29,0.0,0.7,0
Bhopal,2012,Soybean,28,-10.8,0.7,0
Bhopal,2012,Cotton,29,0.0,0.7,0
Bhopal,2013,Wheat,22,0.0,-0.3,1
Bhopal,2013,Maize,22,0.0,-0.3,0
Bhopal,2013,Soybean,24,-8.2,-0.3,0
Bhopal,2013,Cotton,27,8.3,-0.3,0
Bhopal,2014,Wheat,29,24.5,1.1,0
Bhopal,2014,Maize,26,-2.5,1.1,1
Bhopal,2014,Soybean,22,0.0,1.1,1
Bhopal,2014,Cotton,23,-17.2,1.1,0
Bhopal,2015,Wheat,23,-32.2,1.9,0
Bhopal,2015,Maize,26,-26.5,1.9,0
Bhopal,2015,Soybean,28,1.4,1.9,0
Bhopal,2015,Cotton,26,-26.5,1.9,0
Bhopal,2016,Wheat,22,0.0,2.0,0
Bhopal,2016,Maize,24,-26.6,2.0,0
Bhopal,2016,Soybean,26,-40.8,2.0,0
Bhopal,2016,Cotton,27,-51.3,2.0,0
Bhopal,2017,Wheat,25,-12.0,-0.5,0
Bhopal,2017,Maize,22,0.0,-0.5,0
Bhopal,2017,Soybean,28,-1.8,-0.5,0
Bhopal,2017,Cotton,29,-0.8,-0.5,0
Bhopal,2018,Wheat,23,-13.8,-0.1,0
Bhopal,2018,Maize,25,1.1,-0.1,0
Bhopal,2018,Soybean,24,5.2,-0.1,0
Bhopal,2018,Cotton,25,1.1,-0.1,0
Bhopal,2019,Wheat,26,3.2,0.7,1
Bhopal,2019,Maize,26,3.2,0.7,0
Bhopal,2019,Soybean,23,9.8,0.7,0
Bhopal,2019,Cotton,29,15.8,0.7,0
Bhopal,2020,Wheat,26,-9.8,1.1,0
Bhopal,2020,Maize,25,-5.8,1.1,0
Bhopal,2020,Soybean,29,-25.0,1.1,0
Bhopal,2020,Cotton,24,-4.5,1.1,0
Bhopal,2021,Wheat,27,8.0,0.9,1
Bhopal,2021,Maize,28,2.5,0.9,0
Bhopal,2021,Soybean,26,8.1,0.9,0
Bhopal,2021,Cotton,26,8.1,0.9,0
Bhopal,2022,Wheat,22,0.0,1.6,0
Bhopal,2022,Maize,24,-18.9,1.6,0
Bhopal,2022,Soybean,24,-18.9,1.6,0
Bhopal,2022,Cotton,29,-25.2,1.6,0
Bhopal,2023,Wheat,24,8.8,1.0,0
Bhopal,2023,Maize,28,2.5,1.0,0
Bhopal,2023,Soybean,22,0.0,1.0,0
Bhopal,2023,Cotton,24,8.8,1.0,0
Bhopal,2024,Wheat,23,-0.4,1.1,1
Bhopal,2024,Maize,28,-1.5,1.1,1
Bhopal,2024,Soybean,23,-0.4,1.1,0
Bhopal,2024,Cotton,29,4.2,1.1,0
Nagpur,2005,Wheat,27,11.2,0.0,0
Nagpur,2005,Maize,26,9.0,0.0,0
Nagpur,2005,Soybean,28,6.6,0.0,1
Nagpur,2005,Cotton,29,10.4,0.0,0
Nagpur,2006,Wheat,26,12.6,12.3,0
Nagpur,2006,Maize,25,20.0,12.3,0
Nagpur,2006,Soybean,26,12.6,12.3,1
Nagpur,2006,Cotton,25,20.0,12.3,0
Nagpur,2007,Wheat,22,0.0,9.2,0
Nagpur,2007,Maize,22,0.0,9.2,0
Nagpur,2007,Soybean,22,0.0,9.2,0
Nagpur,2007,Cotton,27,16.9,9.2,1
Nagpur,2008,Wheat,27,5.7,10.1,0
Nagpur,2008,Maize,24,8.3,10.1,0
Nagpur,2008,Soybean,24,8.3,10.1,1
Nagpur,2008,Cotton,24,8.3,10.1,0
Nagpur,2009,Wheat,22,0.0,8.9,0
Nagpur,2009,Maize,29,-6.5,8.9,0
Nagpur,2009,Soybean,27,-27.1,8.9,0
Nagpur,2009,Cotton,22,0.0,8.9,0
Nagpur,2010,Wheat,25,42.6,3.2,1
Nagpur,2010,Maize,23,55.7,3.2,0
Nagpur,2010,Soybean,23,55.7,3.2,0
Nagpur,2010,Cotton,28,46.6,3.2,1
Nagpur,2011,Wheat,29,48.3,10.5,1
Nagpur,2011,Maize,22,0.0,10.5,0
Nagpur,2011,Soybean,24,30.0,10.5,1
Nagpur,2011,Cotton,29,48.3,10.5,1
Nagpur,2012,Wheat,28,36.9,15.6,0
Nagpur,2012,Maize,22,0.0,15.6,0
Nagpur,2012,Soybean,27,25.0,15.6,1
Nagpur,2012,Cotton,27,25.0,15.6,0
Nagpur,2013,Wheat,29,-42.7,16.4,0
Nagpur,2013,Maize,28,-29.7,16.4,0
Nagpur,2013,Soybean,27,-17.6,16.4,0
Nagpur,2013,Cotton,23,-14.7,16.4,0
Nagpur,2014,Wheat,25,-2.8,11.9,0
Nagpur,2014,Maize,28,-10.1,11.9,1
Nagpur,2014,Soybean,28,-10.1,11.9,0
Nagpur,2014,Cotton,26,3.0,11.9,0
Nagpur,2015,Wheat,25,18.5,10.5,0
Nagpur,2015,Maize,28,-8.4,10.5,1
Nagpur,2015,Soybean,25,18.5,10.5,0
Nagpur,2015,Cotton,26,6.6,10.5,0
Nagpur,2016,Wheat,23,-12.9,9.0,0
Nagpur,2016,Maize,26,0.9,9.0,0
Nagpur,2016,Soybean,23,-12.9,9.0,0
Nagpur,2016,Cotton,26,0.9,9.0,0
Nagpur,2017,Wheat,29,-0.3,9.2,0
Nagpur,2017,Maize,28,3.3,9.2,0
Nagpur,2017,Soybean,22,0.0,9.2,0
Nagpur,2017,Cotton,24,10.7,9.2,0
Nagpur,2018,Wheat,26,19.9,8.8,1
Nagpur,2018,Maize,25,28.0,8.8,0
Nagpur,2018,Soybean,25,28.0,8.8,0
Nagpur,2018,Cotton,25,28.0,8.8,0
Nagpur,2019,Wheat,25,9.1,9.2,0
Nagpur,2019,Maize,27,16.3,9.2,0
Nagpur,2019,Soybean,28,14.9,9.2,0
Nagpur,2019,Cotton,29,27.4,9.2,0
Nagpur,2020,Wheat,28,26.6,9.9,1
Nagpur,2020,Maize,23,38.7,9.9,0
Nagpur,2020,Soybean,28,26.6,9.9,1
Nagpur,2020,Cotton,28,26.6,9.9,0
Nagpur,2021,Wheat,25,49.2,11.2,1
Nagpur,2021,Maize,26,47.1,11.2,0
Nagpur,2021,Soybean,26,47.1,11.2,1
Nagpur,2021,Cotton,25,49.2,11.2,1
Nagpur,2022,Wheat,27,17.0,13.1,0
Nagpur,2022,Maize,24,19.3,13.1,0
Nagpur,2022,Soybean,27,17.0,13.1,0
Nagpur,2022,Cotton,26,18.5,13.1,0
Nagpur,2023,Wheat,24,21.6,12.2,1
Nagpur,2023,Maize,27,24.4,12.2,1
Nagpur,2023,Soybean,29,16.9,12.2,0
Nagpur,2023,Cotton,22,0.0,12.2,1
Nagpur,2024,Wheat,22,0.0,12.3,1
Nagpur,2024,Maize,24,41.2,12.3,0
Nagpur,2024,Soybean,22,0.0,12.3,0
Nagpur,2024,Cotton,25,36.8,12.3,1
Jaipur,2005,Wheat,24,2.2,0.0,0
Jaipur,2005,Maize,29,-10.5,0.0,0
Jaipur,2005,Soybean,29,-10.5,0.0,0
Jaipur,2005,Cotton,23,22.5,0.0,0
Jaipur,2006,Wheat,25,-15.6,-12.8,0
Jaipur,2006,Maize,22,0.0,-12.8,0
Jaipur,2006,Soybean,26,-20.8,-12.8,0
Jaipur,2006,Cotton,23,-3.9,-12.8,0
Jaipur,2007,Wheat,22,0.0,-19.2,0
Jaipur,2007,Maize,23,38.2,-19.2,0
Jaipur,2007,Soybean,26,45.3,-19.2,1
Jaipur,2007,Cotton,28,39.4,-19.2,0
Jaipur,2008,Wheat,29,51.6,0.6,1
Jaipur,2008,Maize,28,52.8,0.6,1
Jaipur,2008,Soybean,23,67.8,0.6,1
Jaipur,2008,Cotton,24,64.9,0.6,0
Jaipur,2009,Wheat,27,38.2,14.2,1
Jaipur,2009,Maize,29,42.4,14.2,1
Jaipur,2009,Soybean,29,42.4,14.2,1
Jaipur,2009,Cotton,24,37.4,14.2,0
Jaipur,2010,Wheat,25,-21.9,18.9,0
Jaipur,2010,Maize,27,-12.4,18.9,0
Jaipur,2010,Soybean,22,0.0,18.9,0
Jaipur,2010,Cotton,26,-15.0,18.9,0
Jaipur,2011,Wheat,29,14.6,10.8,0
Jaipur,2011,Maize,24,1.0,10.8,0
Jaipur,2011,Soybean,27,26.5,10.8,0
Jaipur,2011,Cotton,28,24.4,10.8,0
Jaipur,2012,Wheat,24,-10.7,10.5,0
Jaipur,2012,Maize,28,0.8,10.5,0
Jaipur,2012,Soybean,22,0.0,10.5,0
Jaipur,2012,Cotton,23,2.6,10.5,0
Jaipur,2013,Wheat,23,1.6,9.3,0
Jaipur,2013,Maize,26,18.2,9.3,0
Jaipur,2013,Soybean,28,17.3,9.3,0
Jaipur,2013,Cotton,29,25.1,9.3,0
Jaipur,2014,Wheat,29,-23.7,10.1,0
Jaipur,2014,Maize,28,-27.9,10.1,0
Jaipur,2014,Soybean,25,-24.6,10.1,0
Jaipur,2014,Cotton,29,-23.7,10.1,0
Jaipur,2015,Wheat,28,-36.1,6.8,0
Jaipur,2015,Maize,25,-38.3,6.8,0
Jaipur,2015,Soybean,28,-36.1,6.8,0
Jaipur,2015,Cotton,27,-34.2,6.8,0
Jaipur,2016,Wheat,28,-22.2,4.1,0
Jaipur,2016,Maize,24,7.8,4.1,0
Jaipur,2016,Soybean,25,-5.6,4.1,0
Jaipur,2016,Cotton,28,-22.2,4.1,0
Jaipur,2017,Wheat,28,29.2,2.7,0
Jaipur,2017,Maize,23,30.9,2.7,1
Jaipur,2017,Soybean,29,19.4,2.7,0
Jaipur,2017,Cotton,29,19.4,2.7,1
Jaipur,2018,Wheat,22,0.0,5.0,0
Jaipur,2018,Maize,23,9.1,5.0,0
Jaipur,2018,Soybean,25,4.8,5.0,0
Jaipur,2018,Cotton,26,2.4,5.0,0
Jaipur,2019,Wheat,27,17.1,4.1,0
Jaipur,2019,Maize,28,10.9,4.1,1
Jaipur,2019,Soybean,26,11.7,4.1,0
Jaipur,2019,Cotton,27,17.1,4.1,0
Jaipur,2020,Wheat,27,40.8,4.8,1
Jaipur,2020,Maize,26,44.9,4.8,0
Jaipur,2020,Soybean,29,31.3,4.8,1
Jaipur,2020,Cotton,25,51.3,4.8,1
Jaipur,2021,Wheat,26,36.2,7.0,0
Jaipur,2021,Maize,26,36.2,7.0,0
Jaipur,2021,Soybean,23,11.2,7.0,0
Jaipur,2021,Cotton,24,30.2,7.0,0
Jaipur,2022,Wheat,23,-5.3,8.2,1
Jaipur,2022,Maize,25,8.7,8.2,0
Jaipur,2022,Soybean,23,-5.3,8.2,0
Jaipur,2022,Cotton,22,0.0,8.2,0
Jaipur,2023,Wheat,26,39.0,8.1,1
Jaipur,2023,Maize,29,38.5,8.1,1
Jaipur,2023,Soybean,22,0.0,8.1,1
Jaipur,2023,Cotton,22,0.0,8.1,1
Jaipur,2024,Wheat,22,0.0,9.8,0
Jaipur,2024,Maize,24,-27.4,9.8,0
Jaipur,2024,Soybean,29,-2.3,9.8,0
Jaipur,2024,Cotton,23,-28.1,9.8,0
Patna,2005,Wheat,27,39.8,0.0,0
Patna,2005,Maize,22,0.0,0.0,0
Patna,2005,Soybean,22,0.0,0.0,1
Patna,2005,Cotton,22,0.0,0.0,1
Patna,2006,Wheat,25,-16.6,37.3,0
Patna,2006,Maize,24,-14.3,37.3,0
Patna,2006,Soybean,29,-7.5,37.3,0
Patna,2006,Cotton,23,-25.4,37.3,0
Patna,2007,Wheat,25,62.1,18.6,0
Patna,2007,Maize,27,61.9,18.6,1
Patna,2007,Soybean,28,59.7,18.6,1
Patna,2007,Cotton,29,65.8,18.6,1
Patna,2008,Wheat,26,41.5,33.1,1
Patna,2008,Maize,27,39.6,33.1,1
Patna,2008,Soybean,26,41.5,33.1,0
Patna,2008,Cotton,26,41.5,33.1,1
Patna,2009,Wheat,28,-6.6,35.9,0
Patna,2009,Maize,27,-1.7,35.9,1
Patna,2009,Soybean,23,1.6,35.9,0
Patna,2009,Cotton,25,9.3,35.9,0
Patna,2010,Wheat,29,-35.3,25.7,0
Patna,2010,Maize,28,-33.7,25.7,0
Patna,2010,Soybean,27,-20.3,25.7,0
Patna,2010,Cotton,25,-33.4,25.7,0
Patna,2011,Wheat,25,-1.8,17.6,0
Patna,2011,Maize,26,7.2,17.6,0
Patna,2011,Soybean,27,23.0,17.6,0
Patna,2011,Cotton,28,21.7,17.6,0
Patna,2012,Wheat,24,23.0,17.2,0
Patna,2012,Maize,27,-5.2,17.2,0
Patna,2012,Soybean,29,-16.0,17.2,1
Patna,2012,Cotton,29,-16.0,17.2,0
Patna,2013,Wheat,22,0.0,15.9,0
Patna,2013,Maize,29,-12.3,15.9,0
Patna,2013,Soybean,24,-35.8,15.9,0
Patna,2013,Cotton,22,0.0,15.9,0
Patna,2014,Wheat,24,-11.8,11.5,0
Patna,2014,Maize,26,-8.4,11.5,0
Patna,2014,Soybean,25,-12.7,11.5,0
Patna,2014,Cotton,24,-11.8,11.5,0
Patna,2015,Wheat,23,25.0,11.6,0
Patna,2015,Maize,27,-11.4,11.6,1
Patna,2015,Soybean,28,0.2,11.6,0
Patna,2015,Cotton,27,-11.4,11.6,0
Patna,2016,Wheat,22,0.0,9.3,0
Patna,2016,Maize,29,4.2,9.3,0
Patna,2016,Soybean,29,4.2,9.3,0
Patna,2016,Cotton,22,0.0,9.3,0
Patna,2017,Wheat,24,12.1,7.8,0
Patna,2017,Maize,22,0.0,7.8,0
Patna,2017,Soybean,26,10.5,7.8,0
Patna,2017,Cotton,22,0.0,7.8,0
Patna,2018,Wheat,24,-15.2,7.2,0
Patna,2018,Maize,29,-19.0,7.2,0
Patna,2018,Soybean,26,-18.8,7.2,0
Patna,2018,Cotton,23,0.4,7.2,0
Patna,2019,Wheat,22,0.0,6.4,0
Patna,2019,Maize,29,-4.1,6.4,0
Patna,2019,Soybean,22,0.0,6.4,0
Patna,2019,Cotton,28,-5.7,6.4,0
Patna,2020,Wheat,28,31.6,5.6,0
Patna,2020,Maize,23,32.5,5.6,0
Patna,2020,Soybean,25,17.1,5.6,0
Patna,2020,Cotton,29,35.0,5.6,0
Patna,2021,Wheat,24,-1.0,6.5,0
Patna,2021,Maize,23,8.9,6.5,0
Patna,2021,Soybean,26,12.4,6.5,0
Patna,2021,Cotton,27,3.2,6.5,0
Patna,2022,Wheat,25,33.2,6.3,0
Patna,2022,Maize,28,34.0,6.3,1
Patna,2022,Soybean,27,40.9,6.3,0
Patna,2022,Cotton,27,40.9,6.3,1
Patna,2023,Wheat,28,-7.1,8.1,0
Patna,2023,Maize,26,-1.7,8.1,0
Patna,2023,Soybean,25,8.4,8.1,0
Patna,2023,Cotton,22,0.0,8.1,1
Patna,2024,Wheat,26,14.7,7.4,0
Patna,2024,Maize,24,12.5,7.4,0
Patna,2024,Soybean,26,14.7,7.4,1
Patna,2024,Cotton,23,4.7,7.4,1
Varanasi,2005,Wheat,28,-19.9,0.0,0
Varanasi,2005,Maize,29,-16.1,0.0,0
Varanasi,2005,Soybean,23,7.5,0.0,0
Varanasi,2005,Cotton,24,-11.0,0.0,0
Varanasi,2006,Wheat,23,19.8,-10.4,0
Varanasi,2006,Maize,22,0.0,-10.4,0
Varanasi,2006,Soybean,24,13.8,-10.4,0
Varanasi,2006,Cotton,28,22.6,-10.4,0
Varanasi,2007,Wheat,28,7.5,2.1,0
Varanasi,2007,Maize,26,1.8,2.1,0
Varanasi,2007,Soybean,29,7.2,2.1,0
Varanasi,2007,Cotton,23,-10.3,2.1,0
Varanasi,2008,Wheat,23,-28.5,3.6,0
Varanasi,2008,Maize,26,-19.8,3.6,0
Varanasi,2008,Soybean,22,0.0,3.6,0
Varanasi,2008,Cotton,24,-30.6,3.6,0
Varanasi,2009,Wheat,23,-5.5,3.1,0
Varanasi,2009,Maize,25,-31.8,3.1,0
Varanasi,2009,Soybean,22,0.0,3.1,0
Varanasi,2009,Cotton,27,-27.9,3.1,0
Varanasi,2010,Wheat,22,0.0,-0.6,1
Varanasi,2010,Maize,24,34.2,-0.6,0
Varanasi,2010,Soybean,23,25.3,-0.6,0
Varanasi,2010,Cotton,23,25.3,-0.6,0
Varanasi,2011,Wheat,28,10.2,-0.6,0
Varanasi,2011,Maize,25,5.2,-0.6,1
Varanasi,2011,Soybean,28,10.2,-0.6,0
Varanasi,2011,Cotton,24,-9.7,-0.6,1
Varanasi,2012,Wheat,26,-44.0,-0.4,0
Varanasi,2012,Maize,26,-44.0,-0.4,0
Varanasi,2012,Soybean,26,-44.0,-0.4,0
Varanasi,2012,Cotton,27,-46.8,-0.4,0
Varanasi,2013,Wheat,22,0.0,-5.5,0
Varanasi,2013,Maize,22,0.0,-5.5,1
Varanasi,2013,Soybean,22,0.0,-5.5,0
Varanasi,2013,Cotton,29,-4.4,-5.5,0
Varanasi,2014,Wheat,22,0.0,-5.6,0
Varanasi,2014,Maize,23,8.4,-5.6,0
Varanasi,2014,Soybean,29,-12.1,-5.6,0
Varanasi,2014,Cotton,26,-21.5,-5.6,0
Varanasi,2015,Wheat,28,23.7,-7.5,1
Varanasi,2015,Maize,23,14.1,-7.5,0
Varanasi,2015,Soybean,23,14.1,-7.5,0
Varanasi,2015,Cotton,25,25.4,-7.5,0
Varanasi,2016,Wheat,23,15.3,-4.9,0
Varanasi,2016,Maize,27,-1.3,-4.9,0
Varanasi,2016,Soybean,28,1.9,-4.9,1
Varanasi,2016,Cotton,24,5.3,-4.9,0
Varanasi,2017,Wheat,29,-3.1,-5.0,0
Varanasi,2017,Maize,25,20.3,-5.0,1
Varanasi,2017,Soybean,28,3.0,-5.0,0
Varanasi,2017,Cotton,25,20.3,-5.0,0
Varanasi,2018,Wheat,24,-28.1,-3.8,0
Varanasi,2018,Maize,23,-32.6,-3.8,0
Varanasi,2018,Soybean,23,-32.6,-3.8,0
Varanasi,2018,Cotton,22,0.0,-3.8,0
Varanasi,2019,Wheat,26,-4.7,-4.8,0
Varanasi,2019,Maize,22,0.0,-4.8,0
Varanasi,2019,Soybean,22,0.0,-4.8,0
Varanasi,2019,Cotton,25,-0.1,-4.8,0
Varanasi,2020,Wheat,28,-8.2,-3.9,0
Varanasi,2020,Maize,22,0.0,-3.9,0
Varanasi,2020,Soybean,24,-5.1,-3.9,0
Varanasi,2020,Cotton,25,-13.5,-3.9,0
Varanasi,2021,Wheat,28,-28.7,-3.8,0
Varanasi,2021,Maize,25,-56.5,-3.8,0
Varanasi,2021,Soybean,26,-48.6,-3.8,0
Varanasi,2021,Cotton,22,0.0,-3.8,0
Varanasi,2022,Wheat,23,-13.4,-5.3,0
Varanasi,2022,Maize,29,-12.4,-5.3,0
Varanasi,2022,Soybean,26,-2.8,-5.3,0
Varanasi,2022,Cotton,27,0.9,-5.3,0
Varanasi,2023,Wheat,29,17.7,-4.9,0
Varanasi,2023,Maize,27,26.8,-4.9,0
Varanasi,2023,Soybean,23,-13.0,-4.9,0
Varanasi,2023,Cotton,22,0.0,-4.9,0
Varanasi,2024,Wheat,26,-31.4,-4.3,0
Varanasi,2024,Maize,24,-30.4,-4.3,0
Varanasi,2024,Soybean,26,-31.4,-4.3,0
Varanasi,2024,Cotton,23,-1.1,-4.3,0
Ludhiana,2005,Wheat,27,25.8,0.0,1
Ludhiana,2005,Maize,23,-0.2,0.0,0
Ludhiana,2005,Soybean,26,16.1,0.0,0
Ludhiana,2005,Cotton,27,25.8,0.0,0
Ludhiana,2006,Wheat,23,-15.0,23.6,0
Ludhiana,2006,Maize,29,-2.1,23.6,1
Ludhiana,2006,Soybean,23,-15.0,23.6,1
Ludhiana,2006,Cotton,28,17.2,23.6,0
Ludhiana,2007,Wheat,28,8.2,9.7,0
Ludhiana,2007,Maize,29,6.6,9.7,0
Ludhiana,2007,Soybean,25,12.2,9.7,0
Ludhiana,2007,Cotton,27,10.7,9.7,0
Ludhiana,2008,Wheat,25,12.8,7.1,0
Ludhiana,2008,Maize,29,-10.8,7.1,0
Ludhiana,2008,Soybean,29,-10.8,7.1,0
Ludhiana,2008,Cotton,25,12.8,7.1,0
Ludhiana,2009,Wheat,27,62.9,5.7,1
Ludhiana,2009,Maize,25,59.6,5.7,1
Ludhiana,2009,Soybean,25,59.6,5.7,1
Ludhiana,2009,Cotton,27,62.9,5.7,1
Ludhiana,2010,Wheat,24,-33.1,17.3,0
Ludhiana,2010,Maize,29,-1.4,17.3,0
Ludhiana,2010,Soybean,27,-6.7,17.3,0
Ludhiana,2010,Cotton,26,-6.0,17.3,0
Ludhiana,2011,Wheat,29,-40.1,11.5,0
Ludhiana,2011,Maize,26,-11.0,11.5,0
Ludhiana,2011,Soybean,29,-40.1,11.5,0
Ludhiana,2011,Cotton,26,-11.0,11.5,0
Ludhiana,2012,Wheat,26,9.0,7.5,1
Ludhiana,2012,Maize,24,-3.1,7.5,1
Ludhiana,2012,Soybean,22,0.0,7.5,0
Ludhiana,2012,Cotton,29,20.9,7.5,0
Ludhiana,2013,Wheat,24,14.3,7.7,0
Ludhiana,2013,Maize,23,2.2,7.7,0
Ludhiana,2013,Soybean,24,14.3,7.7,0
Ludhiana,2013,Cotton,28,-9.5,7.7,0
Ludhiana,2014,Wheat,25,-11.4,8.4,0
Ludhiana,2014,Maize,28,-16.7,8.4,0
Ludhiana,2014,Soybean,22,0.0,8.4,0
Ludhiana,2014,Cotton,22,0.0,8.4,0
Ludhiana,2015,Wheat,27,53.0,6.9,1
Ludhiana,2015,Maize,22,0.0,6.9,1
Ludhiana,2015,Soybean,25,63.5,6.9,1
Ludhiana,2015,Cotton,23,65.2,6.9,1
Ludhiana,2016,Wheat,27,-15.3,10.9,0
Ludhiana,2016,Maize,23,-51.7,10.9,0
Ludhiana,2016,Soybean,23,-51.7,10.9,0
Ludhiana,2016,Cotton,23,-51.7,10.9,0
Ludhiana,2017,Wheat,29,46.1,8.1,1
Ludhiana,2017,Maize,24,42.0,8.1,1
Ludhiana,2017,Soybean,28,49.3,8.1,1
Ludhiana,2017,Cotton,23,42.1,8.1,1
Ludhiana,2018,Wheat,24,58.8,11.1,1
Ludhiana,2018,Maize,25,58.8,11.1,1
Ludhiana,2018,Soybean,25,58.8,11.1,1
Ludhiana,2018,Cotton,25,58.8,11.1,1
Ludhiana,2019,Wheat,25,-3.9,14.9,0
Ludhiana,2019,Maize,29,5.1,14.9,0
Ludhiana,2019,Soybean,26,-1.6,14.9,0
Ludhiana,2019,Cotton,25,-3.9,14.9,0
Ludhiana,2020,Wheat,28,47.0,14.2,1
Ludhiana,2020,Maize,28,47.0,14.2,1
Ludhiana,2020,Soybean,22,0.0,14.2,1
Ludhiana,2020,Cotton,27,38.5,14.2,1
Ludhiana,2021,Wheat,25,8.3,16.8,1
Ludhiana,2021,Maize,23,-16.2,16.8,0
Ludhiana,2021,Soybean,23,-16.2,16.8,1
Ludhiana,2021,Cotton,24,1.7,16.8,0
Ludhiana,2022,Wheat,29,-9.1,16.7,0
Ludhiana,2022,Maize,29,-9.1,16.7,0
Ludhiana,2022,Soybean,29,-9.1,16.7,0
Ludhiana,2022,Cotton,22,0.0,16.7,0
Ludhiana,2023,Wheat,29,5.6,15.0,0
Ludhiana,2023,Maize,23,1.5,15.0,0
Ludhiana,2023,Soybean,22,0.0,15.0,0
Ludhiana,2023,Cotton,25,-18.0,15.0,0
Ludhiana,2024,Wheat,24,38.6,14.1,1
Ludhiana,2024,Maize,22,0.0,14.1,0
Ludhiana,2024,Soybean,29,32.8,14.1,0
Ludhiana,2024,Cotton,22,0.0,14.1,1
Nashik,2005,Wheat,23,21.5,0.0,0
Nashik,2005,Maize,29,7.5,0.0,0
Nashik,2005,Soybean,26,19.6,0.0,0
Nashik,2005,Cotton,28,15.0,0.0,0
Nashik,2006,Wheat,26,23.1,13.8,0
Nashik,2006,Maize,28,20.3,13.8,0
Nashik,2006,Soybean,23,15.3,13.8,0
Nashik,2006,Cotton,24,19.1,13.8,0
Nashik,2007,Wheat,27,25.0,14.4,0
Nashik,2007,Maize,27,25.0,14.4,0
Nashik,2007,Soybean,26,15.9,14.4,0
Nashik,2007,Cotton,26,15.9,14.4,0
Nashik,2008,Wheat,25,18.8,12.3,0
Nashik,2008,Maize,23,2.6,12.3,0
Nashik,2008,Soybean,25,18.8,12.3,0
Nashik,2008,Cotton,26,22.2,12.3,0
Nashik,2009,Wheat,25,-1.8,14.5,0
Nashik,2009,Maize,23,-29.7,14.5,0
Nashik,2009,Soybean,24,-6.4,14.5,1
Nashik,2009,Cotton,24,-6.4,14.5,0
Nashik,2010,Wheat,22,0.0,8.6,1
Nashik,2010,Maize,23,30.0,8.6,1
Nashik,2010,Soybean,29,49.9,8.6,1
Nashik,2010,Cotton,29,49.9,8.6,1
Nashik,2011,Wheat,27,32.6,14.2,1
Nashik,2011,Maize,24,32.5,14.2,1
Nashik,2011,Soybean,23,34.0,14.2,1
Nashik,2011,Cotton,23,34.0,14.2,1
Nashik,2012,Wheat,25,-18.0,16.3,0
Nashik,2012,Maize,25,-18.0,16.3,0
Nashik,2012,Soybean,26,-11.9,16.3,0
Nashik,2012,Cotton,25,-18.0,16.3,0
Nashik,2013,Wheat,26,-42.4,12.5,0
Nashik,2013,Maize,23,-9.5,12.5,0
Nashik,2013,Soybean,29,-49.3,12.5,0
Nashik,2013,Cotton,27,-53.9,12.5,0
Nashik,2014,Wheat,29,66.8,7.5,1
Nashik,2014,Maize,26,62.5,7.5,1
Nashik,2014,Soybean,23,59.8,7.5,1
Nashik,2014,Cotton,22,0.0,7.5,1
Nashik,2015,Wheat,23,19.6,13.1,0
Nashik,2015,Maize,29,-15.1,13.1,0
Nashik,2015,Soybean,29,-15.1,13.1,0
Nashik,2015,Cotton,24,3.5,13.1,0
Nashik,2016,Wheat,29,-27.6,11.9,0
Nashik,2016,Maize,27,-22.7,11.9,0
Nashik,2016,Soybean,24,-30.2,11.9,0
Nashik,2016,Cotton,26,-19.3,11.9,0
Nashik,2017,Wheat,26,9.6,9.1,0
Nashik,2017,Maize,26,9.6,9.1,1
Nashik,2017,Soybean,24,-4.9,9.1,0
Nashik,2017,Cotton,26,9.6,9.1,1
Nashik,2018,Wheat,29,10.3,9.6,0
Nashik,2018,Maize,28,19.2,9.6,0
Nashik,2018,Soybean,29,10.3,9.6,0
Nashik,2018,Cotton,23,35.3,9.6,1
Nashik,2019,Wheat,25,-16.2,9.4,0
Nashik,2019,Maize,29,-13.8,9.4,0
Nashik,2019,Soybean,25,-16.2,9.4,0
Nashik,2019,Cotton,26,-20.9,9.4,0
Nashik,2020,Wheat,27,46.1,8.0,1
Nashik,2020,Maize,24,55.5,8.0,1
Nashik,2020,Soybean,27,46.1,8.0,1
Nashik,2020,Cotton,28,51.7,8.0,0
Nashik,2021,Wheat,29,23.7,10.8,0
Nashik,2021,Maize,24,16.6,10.8,0
Nashik,2021,Soybean,25,19.4,10.8,0
Nashik,2021,Cotton,28,21.1,10.8,0
Nashik,2022,Wheat,29,32.7,11.3,0
Nashik,2022,Maize,24,33.2,11.3,1
Nashik,2022,Soybean,22,0.0,11.3,1
Nashik,2022,Cotton,28,29.9,11.3,1
Nashik,2023,Wheat,24,-6.8,12.9,0
Nashik,2023,Maize,23,12.0,12.9,0
Nashik,2023,Soybean,25,-0.3,12.9,0
Nashik,2023,Cotton,29,-4.2,12.9,0
Nashik,2024,Wheat,22,0.0,11.8,1
Nashik,2024,Maize,23,49.0,11.8,1
Nashik,2024,Soybean,24,61.1,11.8,1
Nashik,2024,Cotton,26,59.9,11.8,1
