district,year,crop,sow_week,rainfall_deficit_pct,crop_failed
Lucknow,2005,Wheat,25,-17.7,0
Lucknow,2005,Maize,24,20.2,0
Lucknow,2005,Soybean,26,-38.3,0
Lucknow,2005,Cotton,27,-11.1,0
Lucknow,2006,Wheat,27,57.9,1
Lucknow,2006,Maize,28,61.0,1
Lucknow,2006,Soybean,28,61.0,1
Lucknow,2006,Cotton,27,57.9,1
Lucknow,2007,Wheat,28,8.9,0
Lucknow,2007,Maize,25,23.8,0
Lucknow,2007,Soybean,25,23.8,1
Lucknow,2007,Cotton,26,23.8,1
Lucknow,2008,Wheat,27,-32.5,0
Lucknow,2008,Maize,27,-24.6,0
Lucknow,2008,Soybean,26,-15.1,0
Lucknow,2008,Cotton,26,-33.2,0
Lucknow,2009,Wheat,23,6.6,0
Lucknow,2009,Maize,25,-10.7,0
Lucknow,2009,Soybean,27,-10.2,0
Lucknow,2009,Cotton,24,-1.7,0
Lucknow,2010,Wheat,26,15.8,0
Lucknow,2010,Maize,28,28.5,0
Lucknow,2010,Soybean,23,-1.5,0
Lucknow,2010,Cotton,23,2.8,0
Lucknow,2011,Wheat,25,-0.3,0
Lucknow,2011,Maize,29,17.9,0
Lucknow,2011,Soybean,27,22.5,1
Lucknow,2011,Cotton,28,13.1,0
Lucknow,2012,Wheat,22,19.8,1
Lucknow,2012,Maize,26,14.0,0
Lucknow,2012,Soybean,23,23.7,0
Lucknow,2012,Cotton,25,4.9,1
Lucknow,2013,Wheat,22,-10.8,0
Lucknow,2013,Maize,29,2.0,0
Lucknow,2013,Soybean,25,10.4,0
Lucknow,2013,Cotton,28,-5.2,0
Lucknow,2014,Wheat,29,25.6,0
Lucknow,2014,Maize,24,19.7,1
Lucknow,2014,Soybean,29,32.9,1
Lucknow,2014,Cotton,24,23.1,0
Lucknow,2015,Wheat,25,67.3,1
Lucknow,2015,Maize,24,73.8,1
Lucknow,2015,Soybean,23,65.7,1
Lucknow,2015,Cotton,23,68.0,1
Lucknow,2016,Wheat,27,-3.1,0
Lucknow,2016,Maize,25,3.1,0
Lucknow,2016,Soybean,26,5.5,0
Lucknow,2016,Cotton,23,15.3,0
Lucknow,2017,Wheat,26,-68.6,0
Lucknow,2017,Maize,27,-66.7,0
Lucknow,2017,Soybean,26,-72.5,0
Lucknow,2017,Cotton,26,-68.6,0
Lucknow,2018,Wheat,25,7.1,0
Lucknow,2018,Maize,24,-2.2,0
Lucknow,2018,Soybean,23,-8.5,0
Lucknow,2018,Cotton,22,-1.9,0
Lucknow,2019,Wheat,29,17.2,1
Lucknow,2019,Maize,23,16.7,1
Lucknow,2019,Soybean,29,38.0,0
Lucknow,2019,Cotton,29,17.2,1
Lucknow,2020,Wheat,25,-11.0,0
Lucknow,2020,Maize,24,-27.8,0
Lucknow,2020,Soybean,29,13.6,0
Lucknow,2020,Cotton,23,-27.4,0
Lucknow,2021,Wheat,27,1.4,0
Lucknow,2021,Maize,28,4.9,0
Lucknow,2021,Soybean,25,-20.5,0
Lucknow,2021,Cotton,28,-8.9,0
Lucknow,2022,Wheat,23,7.7,0
Lucknow,2022,Maize,26,31.8,0
Lucknow,2022,Soybean,27,11.3,0
Lucknow,2022,Cotton,23,7.7,0
Lucknow,2023,Wheat,29,32.4,0
Lucknow,2023,Maize,26,-6.8,0
Lucknow,2023,Soybean,27,27.4,0
Lucknow,2023,Cotton,26,6.5,0
Lucknow,2024,Wheat,22,-38.6,0
Lucknow,2024,Maize,26,-8.4,0
Lucknow,2024,Soybean,23,-35.5,0
Lucknow,2024,Cotton,28,-32.4,1
Kanpur,2005,Wheat,24,-15.4,0
Kanpur,2005,Maize,26,-20.8,0
Kanpur,2005,Soybean,29,-65.0,0
Kanpur,2005,Cotton,28,-44.7,0
Kanpur,2006,Wheat,27,54.3,1
Kanpur,2006,Maize,22,55.8,1
Kanpur,2006,Soybean,27,63.2,1
Kanpur,2006,Cotton,27,54.3,1
Kanpur,2007,Wheat,25,9.3,0
Kanpur,2007,Maize,27,6.8,0
Kanpur,2007,Soybean,23,-35.4,0
Kanpur,2007,Cotton,24,-14.4,0
Kanpur,2008,Wheat,29,-20.9,0
Kanpur,2008,Maize,27,-7.8,0
Kanpur,2008,Soybean,22,-23.5,0
Kanpur,2008,Cotton,24,-5.6,0
Kanpur,2009,Wheat,24,-5.3,0
Kanpur,2009,Maize,27,-26.6,0
Kanpur,2009,Soybean,29,-6.7,0
Kanpur,2009,Cotton,25,-30.2,0
Kanpur,2010,Wheat,22,-29.2,0
Kanpur,2010,Maize,28,-22.1,0
Kanpur,2010,Soybean,27,-37.0,0
Kanpur,2010,Cotton,26,-45.9,0
Kanpur,2011,Wheat,22,-28.9,0
Kanpur,2011,Maize,22,-36.8,0
Kanpur,2011,Soybean,28,-61.8,0
Kanpur,2011,Cotton,28,-64.7,0
Kanpur,2012,Wheat,29,-27.6,0
Kanpur,2012,Maize,27,-26.8,0
Kanpur,2012,Soybean,24,-4.2,0
Kanpur,2012,Cotton,24,-8.0,0
Kanpur,2013,Wheat,23,65.3,1
Kanpur,2013,Maize,22,65.3,1
Kanpur,2013,Soybean,26,61.0,1
Kanpur,2013,Cotton,29,61.6,1
Kanpur,2014,Wheat,24,33.5,1
Kanpur,2014,Maize,25,32.2,1
Kanpur,2014,Soybean,24,34.2,1
Kanpur,2014,Cotton,25,31.7,0
Kanpur,2015,Wheat,22,69.1,1
Kanpur,2015,Maize,24,68.4,1
Kanpur,2015,Soybean,27,66.1,1
Kanpur,2015,Cotton,24,66.2,1
Kanpur,2016,Wheat,25,9.0,0
Kanpur,2016,Maize,25,5.1,0
Kanpur,2016,Soybean,26,25.4,0
Kanpur,2016,Cotton,24,3.1,0
Kanpur,2017,Wheat,25,47.8,1
Kanpur,2017,Maize,23,44.6,1
Kanpur,2017,Soybean,23,44.6,1
Kanpur,2017,Cotton,26,55.2,1
Kanpur,2018,Wheat,25,29.4,0
Kanpur,2018,Maize,29,9.1,1
Kanpur,2018,Soybean,25,32.1,0
Kanpur,2018,Cotton,28,16.7,0
Kanpur,2019,Wheat,23,43.1,1
Kanpur,2019,Maize,24,45.2,1
Kanpur,2019,Soybean,24,45.2,1
Kanpur,2019,Cotton,27,50.3,1
Kanpur,2020,Wheat,27,0.9,0
Kanpur,2020,Maize,25,11.2,0
Kanpur,2020,Soybean,29,11.0,0
Kanpur,2020,Cotton,25,7.7,0
Kanpur,2021,Wheat,29,30.9,1
Kanpur,2021,Maize,28,39.5,1
Kanpur,2021,Soybean,22,28.8,0
Kanpur,2021,Cotton,27,44.8,1
Kanpur,2022,Wheat,24,-14.8,0
Kanpur,2022,Maize,26,-27.3,0
Kanpur,2022,Soybean,29,-28.9,0
Kanpur,2022,Cotton,26,-8.9,0
Kanpur,2023,Wheat,27,-25.9,0
Kanpur,2023,Maize,25,-27.2,0
Kanpur,2023,Soybean,24,-47.3,0
Kanpur,2023,Cotton,28,-4.2,0
Kanpur,2024,Wheat,24,4.2,0
Kanpur,2024,Maize,22,-1.2,0
Kanpur,2024,Soybean,28,12.8,0
Kanpur,2024,Cotton,24,4.2,0
Indore,2005,Wheat,23,-22.8,0
Indore,2005,Maize,26,-5.5,0
Indore,2005,Soybean,25,16.6,1
Indore,2005,Cotton,24,-0.5,0
Indore,2006,Wheat,22,-9.6,0
Indore,2006,Maize,27,6.9,0
Indore,2006,Soybean,26,7.0,0
Indore,2006,Cotton,27,12.6,0
Indore,2007,Wheat,24,-1.1,1
Indore,2007,Maize,24,-4.6,0
Indore,2007,Soybean,29,8.8,0
Indore,2007,Cotton,23,10.4,1
Indore,2008,Wheat,28,4.7,0
Indore,2008,Maize,28,3.4,0
Indore,2008,Soybean,23,26.4,1
Indore,2008,Cotton,23,7.5,0
Indore,2009,Wheat,28,27.3,0
Indore,2009,Maize,23,39.8,1
Indore,2009,Soybean,25,53.5,1
Indore,2009,Cotton,25,44.1,1
Indore,2010,Wheat,23,1.5,1
Indore,2010,Maize,25,13.5,0
Indore,2010,Soybean,23,-7.3,0
Indore,2010,Cotton,28,4.2,0
Indore,2011,Wheat,22,16.4,1
Indore,2011,Maize,29,-21.8,0
Indore,2011,Soybean,24,-8.4,0
Indore,2011,Cotton,25,11.6,1
Indore,2012,Wheat,24,-11.1,0
Indore,2012,Maize,22,40.4,1
Indore,2012,Soybean,25,-7.2,0
Indore,2012,Cotton,24,-11.1,0
Indore,2013,Wheat,24,9.5,0
Indore,2013,Maize,26,0.2,0
Indore,2013,Soybean,29,7.6,0
Indore,2013,Cotton,29,18.8,0
Indore,2014,Wheat,25,33.4,1
Indore,2014,Maize,27,27.6,0
Indore,2014,Soybean,25,37.8,0
Indore,2014,Cotton,25,33.4,0
Indore,2015,Wheat,26,-26.9,0
Indore,2015,Maize,26,-6.3,0
Indore,2015,Soybean,23,-46.5,0
Indore,2015,Cotton,23,-29.3,0
Indore,2016,Wheat,27,-5.7,0
Indore,2016,Maize,29,5.9,0
Indore,2016,Soybean,26,-20.1,0
Indore,2016,Cotton,27,-5.7,0
Indore,2017,Wheat,22,-3.0,0
Indore,2017,Maize,23,12.8,0
Indore,2017,Soybean,27,-44.2,0
Indore,2017,Cotton,28,-49.8,0
Indore,2018,Wheat,26,17.3,1
Indore,2018,Maize,26,15.7,0
Indore,2018,Soybean,27,18.0,0
Indore,2018,Cotton,23,20.3,0
Indore,2019,Wheat,26,-38.5,0
Indore,2019,Maize,23,-15.8,0
Indore,2019,Soybean,24,-35.7,0
Indore,2019,Cotton,27,-50.9,0
Indore,2020,Wheat,22,-24.4,0
Indore,2020,Maize,28,-1.1,0
Indore,2020,Soybean,25,-21.7,0
Indore,2020,Cotton,25,-35.5,0
Indore,2021,Wheat,26,-12.2,0
Indore,2021,Maize,23,9.8,0
Indore,2021,Soybean,27,-22.5,0
Indore,2021,Cotton,28,8.5,0
Indore,2022,Wheat,28,-11.1,0
Indore,2022,Maize,28,-13.3,0
Indore,2022,Soybean,25,-20.2,0
Indore,2022,Cotton,24,-15.3,0
Indore,2023,Wheat,22,-3.4,1
Indore,2023,Maize,27,-9.1,0
Indore,2023,Soybean,28,-9.5,0
Indore,2023,Cotton,26,2.7,0
Indore,2024,Wheat,23,25.1,0
Indore,2024,Maize,23,23.4,1
Indore,2024,Soybean,26,22.7,1
Indore,2024,Cotton,24,24.2,1
Bhopal,2005,Wheat,25,-30.0,0
Bhopal,2005,Maize,24,-31.7,0
Bhopal,2005,Soybean,28,-16.7,0
Bhopal,2005,Cotton,26,-3.9,0
Bhopal,2006,Wheat,29,1.4,0
Bhopal,2006,Maize,23,-23.8,0
Bhopal,2006,Soybean,25,-25.7,1
Bhopal,2006,Cotton,24,-35.3,0
Bhopal,2007,Wheat,28,5.5,0
Bhopal,2007,Maize,24,-35.0,0
Bhopal,2007,Soybean,25,-29.8,0
Bhopal,2007,Cotton,26,-8.0,0
Bhopal,2008,Wheat,28,64.5,1
Bhopal,2008,Maize,23,61.3,1
Bhopal,2008,Soybean,29,69.7,1
Bhopal,2008,Cotton,25,58.9,1
Bhopal,2009,Wheat,24,21.9,0
Bhopal,2009,Maize,29,-26.7,0
Bhopal,2009,Soybean,22,17.7,0
Bhopal,2009,Cotton,22,23.2,1
Bhopal,2010,Wheat,23,-38.4,0
Bhopal,2010,Maize,27,-45.3,0
Bhopal,2010,Soybean,22,-49.0,0
Bhopal,2010,Cotton,27,-48.6,0
Bhopal,2011,Wheat,24,-2.2,1
Bhopal,2011,Maize,27,5.3,0
Bhopal,2011,Soybean,27,5.3,0
Bhopal,2011,Cotton,24,-2.2,1
Bhopal,2012,Wheat,22,-7.2,0
Bhopal,2012,Maize,29,-9.8,0
Bhopal,2012,Soybean,28,-8.0,0
Bhopal,2012,Cotton,29,-17.1,0
Bhopal,2013,Wheat,22,6.8,1
Bhopal,2013,Maize,22,-8.2,0
Bhopal,2013,Soybean,24,33.6,0
Bhopal,2013,Cotton,27,12.7,0
Bhopal,2014,Wheat,29,-1.0,0
Bhopal,2014,Maize,26,30.4,1
Bhopal,2014,Soybean,22,7.8,1
Bhopal,2014,Cotton,23,2.2,0
Bhopal,2015,Wheat,23,-24.7,0
Bhopal,2015,Maize,26,24.6,0
Bhopal,2015,Soybean,28,24.2,0
Bhopal,2015,Cotton,26,21.5,0
Bhopal,2016,Wheat,22,-32.0,0
Bhopal,2016,Maize,24,-54.3,0
Bhopal,2016,Soybean,26,-26.9,0
Bhopal,2016,Cotton,27,-34.2,0
Bhopal,2017,Wheat,25,4.1,0
Bhopal,2017,Maize,22,-7.7,0
Bhopal,2017,Soybean,28,-4.4,0
Bhopal,2017,Cotton,29,10.4,0
Bhopal,2018,Wheat,23,5.1,0
Bhopal,2018,Maize,25,6.1,0
Bhopal,2018,Soybean,24,-3.9,0
Bhopal,2018,Cotton,25,4.6,0
Bhopal,2019,Wheat,26,19.0,1
Bhopal,2019,Maize,26,16.9,0
Bhopal,2019,Soybean,23,-1.4,0
Bhopal,2019,Cotton,29,5.7,0
Bhopal,2020,Wheat,26,-26.3,0
Bhopal,2020,Maize,25,-23.0,0
Bhopal,2020,Soybean,29,31.5,0
Bhopal,2020,Cotton,24,-18.3,0
Bhopal,2021,Wheat,27,4.8,1
Bhopal,2021,Maize,28,7.6,0
Bhopal,2021,Soybean,26,10.0,0
Bhopal,2021,Cotton,26,3.6,0
Bhopal,2022,Wheat,22,-0.8,0
Bhopal,2022,Maize,24,9.1,0
Bhopal,2022,Soybean,24,9.1,0
Bhopal,2022,Cotton,29,0.7,0
Bhopal,2023,Wheat,24,-5.5,0
Bhopal,2023,Maize,28,-25.5,0
Bhopal,2023,Soybean,22,8.8,0
Bhopal,2023,Cotton,24,-5.5,0
Bhopal,2024,Wheat,23,11.9,1
Bhopal,2024,Maize,28,39.9,1
Bhopal,2024,Soybean,23,19.1,0
Bhopal,2024,Cotton,29,15.3,0
Nagpur,2005,Wheat,27,23.5,0
Nagpur,2005,Maize,26,10.6,0
Nagpur,2005,Soybean,28,27.9,1
Nagpur,2005,Cotton,29,5.5,0
Nagpur,2006,Wheat,26,2.4,0
Nagpur,2006,Maize,25,6.4,0
Nagpur,2006,Soybean,26,9.4,1
Nagpur,2006,Cotton,25,3.6,0
Nagpur,2007,Wheat,22,-5.2,0
Nagpur,2007,Maize,22,-7.4,0
Nagpur,2007,Soybean,22,-7.4,0
Nagpur,2007,Cotton,27,31.8,1
Nagpur,2008,Wheat,27,-13.7,0
Nagpur,2008,Maize,24,2.5,0
Nagpur,2008,Soybean,24,2.5,1
Nagpur,2008,Cotton,24,-4.4,0
Nagpur,2009,Wheat,22,-38.5,0
Nagpur,2009,Maize,29,2.4,0
Nagpur,2009,Soybean,27,-3.1,0
Nagpur,2009,Cotton,22,-38.5,0
Nagpur,2010,Wheat,25,50.1,1
Nagpur,2010,Maize,23,36.4,0
Nagpur,2010,Soybean,23,36.4,0
Nagpur,2010,Cotton,28,42.3,1
Nagpur,2011,Wheat,29,47.6,1
Nagpur,2011,Maize,22,30.0,0
Nagpur,2011,Soybean,24,48.9,1
Nagpur,2011,Cotton,29,47.6,1
Nagpur,2012,Wheat,28,7.7,0
Nagpur,2012,Maize,22,18.2,0
Nagpur,2012,Soybean,27,43.1,1
Nagpur,2012,Cotton,27,24.6,0
Nagpur,2013,Wheat,29,-25.9,0
Nagpur,2013,Maize,28,-51.6,0
Nagpur,2013,Soybean,27,-56.5,0
Nagpur,2013,Cotton,23,-8.6,0
Nagpur,2014,Wheat,25,-9.1,0
Nagpur,2014,Maize,28,0.7,1
Nagpur,2014,Soybean,28,0.7,0
Nagpur,2014,Cotton,26,-24.7,0
Nagpur,2015,Wheat,25,-18.5,0
Nagpur,2015,Maize,28,27.5,1
Nagpur,2015,Soybean,25,-32.3,0
Nagpur,2015,Cotton,26,0.8,0
Nagpur,2016,Wheat,23,5.3,0
Nagpur,2016,Maize,26,11.9,0
Nagpur,2016,Soybean,23,15.1,0
Nagpur,2016,Cotton,26,8.4,0
Nagpur,2017,Wheat,29,4.2,0
Nagpur,2017,Maize,28,-12.4,0
Nagpur,2017,Soybean,22,10.7,0
Nagpur,2017,Cotton,24,8.1,0
Nagpur,2018,Wheat,26,16.3,1
Nagpur,2018,Maize,25,16.9,0
Nagpur,2018,Soybean,25,16.9,0
Nagpur,2018,Cotton,25,17.1,0
Nagpur,2019,Wheat,25,23.5,0
Nagpur,2019,Maize,27,19.5,0
Nagpur,2019,Soybean,28,27.3,0
Nagpur,2019,Cotton,29,10.9,0
Nagpur,2020,Wheat,28,30.7,1
Nagpur,2020,Maize,23,45.8,0
Nagpur,2020,Soybean,28,36.4,1
Nagpur,2020,Cotton,28,30.7,0
Nagpur,2021,Wheat,25,41.5,1
Nagpur,2021,Maize,26,41.8,0
Nagpur,2021,Soybean,26,41.8,1
Nagpur,2021,Cotton,25,41.5,1
Nagpur,2022,Wheat,27,-24.8,0
Nagpur,2022,Maize,24,17.6,0
Nagpur,2022,Soybean,27,-15.7,0
Nagpur,2022,Cotton,26,-3.8,0
Nagpur,2023,Wheat,24,25.0,1
Nagpur,2023,Maize,27,18.2,1
Nagpur,2023,Soybean,29,2.1,0
Nagpur,2023,Cotton,22,29.4,1
Nagpur,2024,Wheat,22,36.8,1
Nagpur,2024,Maize,24,27.5,0
Nagpur,2024,Soybean,22,41.2,0
Nagpur,2024,Cotton,25,39.0,1
Jaipur,2005,Wheat,24,-3.7,0
Jaipur,2005,Maize,29,-7.4,0
Jaipur,2005,Soybean,29,-7.4,0
Jaipur,2005,Cotton,23,10.5,0
Jaipur,2006,Wheat,25,-46.5,0
Jaipur,2006,Maize,22,-24.7,0
Jaipur,2006,Soybean,26,-51.7,0
Jaipur,2006,Cotton,23,-26.2,0
Jaipur,2007,Wheat,22,46.9,0
Jaipur,2007,Maize,23,51.1,0
Jaipur,2007,Soybean,26,37.4,1
Jaipur,2007,Cotton,28,32.6,0
Jaipur,2008,Wheat,29,55.2,1
Jaipur,2008,Maize,28,42.7,1
Jaipur,2008,Soybean,23,54.3,1
Jaipur,2008,Cotton,24,56.3,0
Jaipur,2009,Wheat,27,40.4,1
Jaipur,2009,Maize,29,33.4,1
Jaipur,2009,Soybean,29,33.4,1
Jaipur,2009,Cotton,24,35.3,0
Jaipur,2010,Wheat,25,-18.4,0
Jaipur,2010,Maize,27,-52.7,0
Jaipur,2010,Soybean,22,-38.8,0
Jaipur,2010,Cotton,26,-33.3,0
Jaipur,2011,Wheat,29,7.0,0
Jaipur,2011,Maize,24,40.9,0
Jaipur,2011,Soybean,27,2.9,0
Jaipur,2011,Cotton,28,7.3,0
Jaipur,2012,Wheat,24,9.1,0
Jaipur,2012,Maize,28,27.9,0
Jaipur,2012,Soybean,22,-10.7,0
Jaipur,2012,Cotton,23,6.8,0
Jaipur,2013,Wheat,23,23.4,0
Jaipur,2013,Maize,26,12.4,0
Jaipur,2013,Soybean,28,11.3,0
Jaipur,2013,Cotton,29,7.7,0
Jaipur,2014,Wheat,29,-26.9,0
Jaipur,2014,Maize,28,2.5,0
Jaipur,2014,Soybean,25,-45.6,0
Jaipur,2014,Cotton,29,-26.9,0
Jaipur,2015,Wheat,28,-34.7,0
Jaipur,2015,Maize,25,-13.8,0
Jaipur,2015,Soybean,28,-24.4,0
Jaipur,2015,Cotton,27,-38.9,0
Jaipur,2016,Wheat,28,-29.2,0
Jaipur,2016,Maize,24,-0.4,0
Jaipur,2016,Soybean,25,-8.2,0
Jaipur,2016,Cotton,28,-29.2,0
Jaipur,2017,Wheat,28,28.0,0
Jaipur,2017,Maize,23,56.2,1
Jaipur,2017,Soybean,29,33.6,0
Jaipur,2017,Cotton,29,35.6,1
Jaipur,2018,Wheat,22,4.8,0
Jaipur,2018,Maize,23,2.8,0
Jaipur,2018,Soybean,25,-9.4,0
Jaipur,2018,Cotton,26,-33.5,0
Jaipur,2019,Wheat,27,28.6,0
Jaipur,2019,Maize,28,41.6,1
Jaipur,2019,Soybean,26,14.0,0
Jaipur,2019,Cotton,27,28.6,0
Jaipur,2020,Wheat,27,38.6,1
Jaipur,2020,Maize,26,38.9,0
Jaipur,2020,Soybean,29,56.8,1
Jaipur,2020,Cotton,25,34.9,1
Jaipur,2021,Wheat,26,22.1,0
Jaipur,2021,Maize,26,10.6,0
Jaipur,2021,Soybean,23,42.0,0
Jaipur,2021,Cotton,24,32.1,0
Jaipur,2022,Wheat,23,-0.2,1
Jaipur,2022,Maize,25,-18.6,0
Jaipur,2022,Soybean,23,15.5,0
Jaipur,2022,Cotton,22,8.7,0
Jaipur,2023,Wheat,26,41.1,1
Jaipur,2023,Maize,29,54.5,1
Jaipur,2023,Soybean,22,43.8,1
Jaipur,2023,Cotton,22,42.1,1
Jaipur,2024,Wheat,22,-17.7,0
Jaipur,2024,Maize,24,10.2,0
Jaipur,2024,Soybean,29,11.9,0
Jaipur,2024,Cotton,23,-1.8,0
Patna,2005,Wheat,27,23.8,0
Patna,2005,Maize,22,26.4,0
Patna,2005,Soybean,22,26.4,1
Patna,2005,Cotton,22,34.6,1
Patna,2006,Wheat,25,-14.5,0
Patna,2006,Maize,24,-26.9,0
Patna,2006,Soybean,29,14.8,0
Patna,2006,Cotton,23,-19.3,0
Patna,2007,Wheat,25,63.1,0
Patna,2007,Maize,27,67.2,1
Patna,2007,Soybean,28,69.1,1
Patna,2007,Cotton,29,62.4,1
Patna,2008,Wheat,26,39.7,1
Patna,2008,Maize,27,39.9,1
Patna,2008,Soybean,26,43.0,0
Patna,2008,Cotton,26,39.7,1
Patna,2009,Wheat,28,-22.2,0
Patna,2009,Maize,27,-9.7,1
Patna,2009,Soybean,23,13.0,0
Patna,2009,Cotton,25,-14.0,0
Patna,2010,Wheat,29,-12.0,0
Patna,2010,Maize,28,-19.5,0
Patna,2010,Soybean,27,-49.7,0
Patna,2010,Cotton,25,-25.3,0
Patna,2011,Wheat,25,29.1,0
Patna,2011,Maize,26,27.3,0
Patna,2011,Soybean,27,1.0,0
Patna,2011,Cotton,28,14.9,0
Patna,2012,Wheat,24,-10.7,0
Patna,2012,Maize,27,-1.8,0
Patna,2012,Soybean,29,6.8,1
Patna,2012,Cotton,29,15.8,0
Patna,2013,Wheat,22,-43.8,0
Patna,2013,Maize,29,-48.1,0
Patna,2013,Soybean,24,-30.8,0
Patna,2013,Cotton,22,-43.8,0
Patna,2014,Wheat,24,-1.2,0
Patna,2014,Maize,26,20.4,0
Patna,2014,Soybean,25,5.2,0
Patna,2014,Cotton,24,-1.2,0
Patna,2015,Wheat,23,-2.3,0
Patna,2015,Maize,27,11.5,1
Patna,2015,Soybean,28,9.4,0
Patna,2015,Cotton,27,6.8,0
Patna,2016,Wheat,22,-11.2,0
Patna,2016,Maize,29,-35.1,0
Patna,2016,Soybean,29,-35.1,0
Patna,2016,Cotton,22,-11.2,0
Patna,2017,Wheat,24,17.8,0
Patna,2017,Maize,22,12.1,0
Patna,2017,Soybean,26,5.4,0
Patna,2017,Cotton,22,11.0,0
Patna,2018,Wheat,24,-10.8,0
Patna,2018,Maize,29,10.0,0
Patna,2018,Soybean,26,-21.4,0
Patna,2018,Cotton,23,-24.9,0
Patna,2019,Wheat,22,-5.7,0
Patna,2019,Maize,29,-4.1,0
Patna,2019,Soybean,22,-2.0,0
Patna,2019,Cotton,28,-4.8,0
Patna,2020,Wheat,28,10.0,0
Patna,2020,Maize,23,9.8,0
Patna,2020,Soybean,25,28.2,0
Patna,2020,Cotton,29,-1.7,0
Patna,2021,Wheat,24,7.6,0
Patna,2021,Maize,23,-0.4,0
Patna,2021,Soybean,26,-25.7,0
Patna,2021,Cotton,27,-22.4,0
Patna,2022,Wheat,25,36.0,0
Patna,2022,Maize,28,42.7,1
Patna,2022,Soybean,27,31.5,0
Patna,2022,Cotton,27,33.7,1
Patna,2023,Wheat,28,19.0,0
Patna,2023,Maize,26,-5.4,0
Patna,2023,Soybean,25,-16.1,0
Patna,2023,Cotton,22,8.4,1
Patna,2024,Wheat,26,35.4,0
Patna,2024,Maize,24,16.8,0
Patna,2024,Soybean,26,39.9,1
Patna,2024,Cotton,23,17.9,1
Varanasi,2005,Wheat,28,14.4,0
Varanasi,2005,Maize,29,29.4,0
Varanasi,2005,Soybean,23,-30.2,0
Varanasi,2005,Cotton,24,-12.5,0
Varanasi,2006,Wheat,23,28.1,0
Varanasi,2006,Maize,22,13.8,0
Varanasi,2006,Soybean,24,37.8,0
Varanasi,2006,Cotton,28,12.0,0
Varanasi,2007,Wheat,28,33.5,0
Varanasi,2007,Maize,26,17.1,0
Varanasi,2007,Soybean,29,38.3,0
Varanasi,2007,Cotton,23,5.6,0
Varanasi,2008,Wheat,23,-17.1,0
Varanasi,2008,Maize,26,-7.7,0
Varanasi,2008,Soybean,22,-30.6,0
Varanasi,2008,Cotton,24,-13.0,0
Varanasi,2009,Wheat,23,-41.8,0
Varanasi,2009,Maize,25,-12.1,0
Varanasi,2009,Soybean,22,-23.3,0
Varanasi,2009,Cotton,27,-28.0,0
Varanasi,2010,Wheat,22,18.2,1
Varanasi,2010,Maize,24,-21.7,0
Varanasi,2010,Soybean,23,14.8,0
Varanasi,2010,Cotton,23,-0.7,0
Varanasi,2011,Wheat,28,-21.5,0
Varanasi,2011,Maize,25,-9.8,1
Varanasi,2011,Soybean,28,-14.2,0
Varanasi,2011,Cotton,24,4.4,1
Varanasi,2012,Wheat,26,-55.1,0
Varanasi,2012,Maize,26,-57.8,0
Varanasi,2012,Soybean,26,-57.8,0
Varanasi,2012,Cotton,27,-53.3,0
Varanasi,2013,Wheat,22,-0.3,0
Varanasi,2013,Maize,22,14.5,1
Varanasi,2013,Soybean,22,14.5,0
Varanasi,2013,Cotton,29,-10.2,0
Varanasi,2014,Wheat,22,-24.5,0
Varanasi,2014,Maize,23,-40.4,0
Varanasi,2014,Soybean,29,-3.5,0
Varanasi,2014,Cotton,26,-11.9,0
Varanasi,2015,Wheat,28,23.9,1
Varanasi,2015,Maize,23,30.9,0
Varanasi,2015,Soybean,23,30.9,0
Varanasi,2015,Cotton,25,21.6,0
Varanasi,2016,Wheat,23,-4.5,0
Varanasi,2016,Maize,27,1.4,0
Varanasi,2016,Soybean,28,-30.1,1
Varanasi,2016,Cotton,24,-0.3,0
Varanasi,2017,Wheat,29,16.5,0
Varanasi,2017,Maize,25,8.8,1
Varanasi,2017,Soybean,28,18.7,0
Varanasi,2017,Cotton,25,-3.8,0
Varanasi,2018,Wheat,24,-4.3,0
Varanasi,2018,Maize,23,-10.1,0
Varanasi,2018,Soybean,23,-10.1,0
Varanasi,2018,Cotton,22,-17.4,0
Varanasi,2019,Wheat,26,-1.3,0
Varanasi,2019,Maize,22,-8.0,0
Varanasi,2019,Soybean,22,-8.0,0
Varanasi,2019,Cotton,25,2.5,0
Varanasi,2020,Wheat,28,4.1,0
Varanasi,2020,Maize,22,-5.1,0
Varanasi,2020,Soybean,24,-1.7,0
Varanasi,2020,Cotton,25,-1.3,0
Varanasi,2021,Wheat,28,-38.3,0
Varanasi,2021,Maize,25,-9.3,0
Varanasi,2021,Soybean,26,-13.2,0
Varanasi,2021,Cotton,22,-56.5,0
Varanasi,2022,Wheat,23,0.5,0
Varanasi,2022,Maize,29,1.7,0
Varanasi,2022,Soybean,26,-6.7,0
Varanasi,2022,Cotton,27,-6.7,0
Varanasi,2023,Wheat,29,-24.2,0
Varanasi,2023,Maize,27,5.4,0
Varanasi,2023,Soybean,23,23.0,0
Varanasi,2023,Cotton,22,11.3,0
Varanasi,2024,Wheat,26,-29.4,0
Varanasi,2024,Maize,24,-32.3,0
Varanasi,2024,Soybean,26,-12.9,0
Varanasi,2024,Cotton,23,-41.0,0
Ludhiana,2005,Wheat,27,26.3,1
Ludhiana,2005,Maize,23,16.2,0
Ludhiana,2005,Soybean,26,37.2,0
Ludhiana,2005,Cotton,27,26.3,0
Ludhiana,2006,Wheat,23,16.7,0
Ludhiana,2006,Maize,29,-13.3,1
Ludhiana,2006,Soybean,23,23.7,1
Ludhiana,2006,Cotton,28,-23.8,0
Ludhiana,2007,Wheat,28,-6.5,0
Ludhiana,2007,Maize,29,-18.9,0
Ludhiana,2007,Soybean,25,15.6,0
Ludhiana,2007,Cotton,27,-0.5,0
Ludhiana,2008,Wheat,25,-17.4,0
Ludhiana,2008,Maize,29,2.7,0
Ludhiana,2008,Soybean,29,2.7,0
Ludhiana,2008,Cotton,25,-17.4,0
Ludhiana,2009,Wheat,27,66.7,1
Ludhiana,2009,Maize,25,62.2,1
Ludhiana,2009,Soybean,25,62.2,1
Ludhiana,2009,Cotton,27,66.7,1
Ludhiana,2010,Wheat,24,2.4,0
Ludhiana,2010,Maize,29,-43.0,0
Ludhiana,2010,Soybean,27,7.7,0
Ludhiana,2010,Cotton,26,-5.0,0
Ludhiana,2011,Wheat,29,-30.0,0
Ludhiana,2011,Maize,26,-40.4,0
Ludhiana,2011,Soybean,29,-22.2,0
Ludhiana,2011,Cotton,26,-38.3,0
Ludhiana,2012,Wheat,26,17.4,1
Ludhiana,2012,Maize,24,20.4,1
Ludhiana,2012,Soybean,22,-3.1,0
Ludhiana,2012,Cotton,29,-9.5,0
Ludhiana,2013,Wheat,24,-9.4,0
Ludhiana,2013,Maize,23,11.5,0
Ludhiana,2013,Soybean,24,-8.4,0
Ludhiana,2013,Cotton,28,21.7,0
Ludhiana,2014,Wheat,25,-27.6,0
Ludhiana,2014,Maize,28,0.4,0
Ludhiana,2014,Soybean,22,-26.3,0
Ludhiana,2014,Cotton,22,-11.4,0
Ludhiana,2015,Wheat,27,54.6,1
Ludhiana,2015,Maize,22,67.3,1
Ludhiana,2015,Soybean,25,43.7,1
Ludhiana,2015,Cotton,23,54.7,1
Ludhiana,2016,Wheat,27,-16.7,0
Ludhiana,2016,Maize,23,-17.5,0
Ludhiana,2016,Soybean,23,-17.5,0
Ludhiana,2016,Cotton,23,-20.9,0
Ludhiana,2017,Wheat,29,47.5,1
Ludhiana,2017,Maize,24,42.6,1
Ludhiana,2017,Soybean,28,41.2,1
Ludhiana,2017,Cotton,23,42.4,1
Ludhiana,2018,Wheat,24,56.3,1
Ludhiana,2018,Maize,25,55.2,1
Ludhiana,2018,Soybean,25,55.2,1
Ludhiana,2018,Cotton,25,53.8,1
Ludhiana,2019,Wheat,25,10.4,0
Ludhiana,2019,Maize,29,18.0,0
Ludhiana,2019,Soybean,26,13.0,0
Ludhiana,2019,Cotton,25,10.4,0
Ludhiana,2020,Wheat,28,63.7,1
Ludhiana,2020,Maize,28,63.4,1
Ludhiana,2020,Soybean,22,52.2,1
Ludhiana,2020,Cotton,27,65.2,1
Ludhiana,2021,Wheat,25,28.1,1
Ludhiana,2021,Maize,23,20.1,0
Ludhiana,2021,Soybean,23,20.1,1
Ludhiana,2021,Cotton,24,27.1,0
Ludhiana,2022,Wheat,29,0.6,0
Ludhiana,2022,Maize,29,1.8,0
Ludhiana,2022,Soybean,29,1.8,0
Ludhiana,2022,Cotton,22,-11.6,0
Ludhiana,2023,Wheat,29,-1.2,0
Ludhiana,2023,Maize,23,-27.4,0
Ludhiana,2023,Soybean,22,-10.3,0
Ludhiana,2023,Cotton,25,5.7,0
Ludhiana,2024,Wheat,24,27.8,1
Ludhiana,2024,Maize,22,38.6,0
Ludhiana,2024,Soybean,29,30.8,0
Ludhiana,2024,Cotton,22,34.8,1
Nashik,2005,Wheat,23,19.0,0
Nashik,2005,Maize,29,18.1,0
Nashik,2005,Soybean,26,-1.2,0
Nashik,2005,Cotton,28,9.5,0
Nashik,2006,Wheat,26,18.4,0
Nashik,2006,Maize,28,30.0,0
Nashik,2006,Soybean,23,31.9,0
Nashik,2006,Cotton,24,11.9,0
Nashik,2007,Wheat,27,-14.3,0
Nashik,2007,Maize,27,-5.0,0
Nashik,2007,Soybean,26,6.0,0
Nashik,2007,Cotton,26,0.9,0
Nashik,2008,Wheat,25,32.1,0
Nashik,2008,Maize,23,26.5,0
Nashik,2008,Soybean,25,35.5,0
Nashik,2008,Cotton,26,20.5,0
Nashik,2009,Wheat,25,-11.1,0
Nashik,2009,Maize,23,11.5,0
Nashik,2009,Soybean,24,20.4,1
Nashik,2009,Cotton,24,-2.0,0
Nashik,2010,Wheat,22,26.7,1
Nashik,2010,Maize,23,25.1,1
Nashik,2010,Soybean,29,49.5,1
Nashik,2010,Cotton,29,40.9,1
Nashik,2011,Wheat,27,20.5,1
Nashik,2011,Maize,24,38.8,1
Nashik,2011,Soybean,23,38.1,1
Nashik,2011,Cotton,23,36.3,1
Nashik,2012,Wheat,25,0.7,0
Nashik,2012,Maize,25,5.9,0
Nashik,2012,Soybean,26,-1.7,0
Nashik,2012,Cotton,25,0.7,0
Nashik,2013,Wheat,26,-43.2,0
Nashik,2013,Maize,23,-44.7,0
Nashik,2013,Soybean,29,-40.0,0
Nashik,2013,Cotton,27,-46.0,0
Nashik,2014,Wheat,29,59.7,1
Nashik,2014,Maize,26,68.1,1
Nashik,2014,Soybean,23,66.2,1
Nashik,2014,Cotton,22,64.1,1
Nashik,2015,Wheat,23,-1.4,0
Nashik,2015,Maize,29,4.2,0
Nashik,2015,Soybean,29,4.2,0
Nashik,2015,Cotton,24,5.5,0
Nashik,2016,Wheat,29,-12.3,0
Nashik,2016,Maize,27,-23.2,0
Nashik,2016,Soybean,24,-8.9,0
Nashik,2016,Cotton,26,-36.0,0
Nashik,2017,Wheat,26,18.6,0
Nashik,2017,Maize,26,17.4,1
Nashik,2017,Soybean,24,23.4,0
Nashik,2017,Cotton,26,18.6,1
Nashik,2018,Wheat,29,11.7,0
Nashik,2018,Maize,28,18.5,0
Nashik,2018,Soybean,29,20.4,0
Nashik,2018,Cotton,23,16.2,1
Nashik,2019,Wheat,25,-15.2,0
Nashik,2019,Maize,29,-18.3,0
Nashik,2019,Soybean,25,-5.0,0
Nashik,2019,Cotton,26,-7.3,0
Nashik,2020,Wheat,27,51.6,1
Nashik,2020,Maize,24,49.2,1
Nashik,2020,Soybean,27,55.1,1
Nashik,2020,Cotton,28,44.5,0
Nashik,2021,Wheat,29,-2.7,0
Nashik,2021,Maize,24,16.0,0
Nashik,2021,Soybean,25,12.3,0
Nashik,2021,Cotton,28,14.5,0
Nashik,2022,Wheat,29,44.2,0
Nashik,2022,Maize,24,33.0,1
Nashik,2022,Soybean,22,33.2,1
Nashik,2022,Cotton,28,50.0,1
Nashik,2023,Wheat,24,-8.7,0
Nashik,2023,Maize,23,-6.1,0
Nashik,2023,Soybean,25,-18.9,0
Nashik,2023,Cotton,29,-23.4,0
Nashik,2024,Wheat,22,60.0,1
Nashik,2024,Maize,23,65.3,1
Nashik,2024,Soybean,24,58.8,1
Nashik,2024,Cotton,26,60.3,1
